{"cameraMode":{"drawMode":0,"name":"Shaded","section":"Shading Mode"},"sceneLighting":true,"audioPlay":false,"sceneViewState":{"showFog":true,"showMaterialUpdate":false,"showSkybox":true,"showFlares":true,"showImageEffects":true,"showParticleSystems":true},"in2DMode":false,"pivot":{"x":-0.37964820861816409,"y":1.6140868663787842,"z":-9.03026008605957},"rotation":{"x":-0.0253717303276062,"y":0.8891851305961609,"z":-0.04967672377824783,"w":-0.4541384279727936},"size":8.910638809204102,"orthographic":false}