{"cameraMode":{"drawMode":0,"name":"Shaded","section":"Shading Mode"},"sceneLighting":true,"audioPlay":false,"sceneViewState":{"showFog":false,"showMaterialUpdate":true,"showSkybox":true,"showFlares":true,"showImageEffects":true,"showParticleSystems":true},"in2DMode":false,"pivot":{"x":-0.054771244525909427,"y":0.1538609266281128,"z":0.0032885074615478517},"rotation":{"x":0.18678298592567445,"y":-0.2332661747932434,"z":0.045710254460573199,"w":0.9532108306884766},"size":1.58412504196167,"orthographic":false}