{"cameraMode":{"drawMode":0,"name":"Shaded","section":"Shading Mode"},"sceneLighting":false,"audioPlay":false,"sceneViewState":{"showFog":false,"showMaterialUpdate":true,"showSkybox":false,"showFlares":true,"showImageEffects":true,"showParticleSystems":true},"in2DMode":false,"pivot":{"x":0.7202750444412231,"y":0.842150092124939,"z":-50.14952850341797},"rotation":{"x":-0.018410012125968934,"y":-0.980258584022522,"z":0.11105585843324661,"w":-0.16261793673038484},"size":4.451586723327637,"orthographic":false}